,0,1,2,3,4,5,6,7,8,9,10,11,12,13,14,15,16,17,18,19,20,21,22,23,24,25,26,27,28,29,30,31,32,33,34,35,36,37,38,39,40,41,42,43,44,45,46,47,48,49,50,51,52,53,54,55,56,57,58,59,60,61,62,63,64,65,66,67,68,69,70,71,72,73,74,75,76,77,78,79,80,81,82,83,84,85,86,87,88,89,90,91,92,93,94,95,96,97,98,99,100,101,102,103,104,105,106,107,108,109,110,111,112,113,114,115,116,117,118,119,120,121,122,123
1,0.881238942,0.881238942,0.881238942,2.062388792,2.062388792,2.062388792,2.062388792,2.062388792,2.062388792,2.062388792,2.062388792,2.062388792,2.062388792,2.062388792,2.062388792,2.062388792,2.062388792,2.062388792,2.062388792,2.062388792,2.062388792,2.062388792,2.062388792,2.062388792,2.062388792,2.062388792,2.062388792,2.062388792,2.062388792,2.062388792,2.062388792,2.062388792,2.062388792,2.062388792,2.062388792,2.062388792,2.062388792,2.062388792,2.062388792,2.062388792,2.062388792,2.062388792,2.062388792,2.062388792,2.062388792,2.062388792,2.062388792,2.062388792,2.062388792,2.062388792,2.062388792,2.062388792,2.062388792,2.062388792,2.062388792,2.062388792,2.062388792,2.062388792,2.062388792,2.062388792,2.062388792,2.062388792,2.062388792,2.062388792,2.062388792,2.062388792,2.062388792,2.062388792,2.062388792,2.062388792,2.062388792,2.062388792,2.062388792,2.062388792,2.062388792,2.062388792,2.062388792,2.062388792,2.062388792,2.062388792,2.062388792,2.062388792,2.062388792,2.062388792,2.062388792,2.062388792,2.062388792,2.062388792,2.062388792,2.062388792,2.062388792,2.062388792,2.062388792,2.062388792,2.062388792,2.062388792,2.062388792,2.062388792,2.062388792,2.062388792,2.062388792,2.062388792,2.062388792,2.062388792,2.062388792,2.062388792,2.062388792,2.062388792,2.062388792,2.062388792,2.062388792,2.062388792,2.062388792,2.062388792,2.062388792,2.062388792,2.062388792,2.062388792,2.062388792,2.062388792,2.062388792,2.062388792,2.062388792,2.062388792
2,-11.63227621,-9.86522441,-3.016617817,-3.016617817,-3.016617817,-3.016617817,-3.016617817,-3.016617817,-3.016617817,-3.016617817,-3.016617817,-3.016617817,-1.425759876,-1.425759876,-1.425759876,-1.425759876,-1.425759876,-1.425759876,-1.425759876,-1.425759876,-1.425759876,-1.425759876,-1.425759876,-1.425759876,-1.425759876,-1.425759876,-1.227857398,-1.227857398,-1.227857398,-1.227857398,-1.227857398,-1.227857398,-1.227857398,-1.227857398,-1.227857398,-1.227857398,-1.227857398,-1.227857398,-1.227857398,-1.227857398,-1.227857398,-1.227857398,-1.227857398,-1.227857398,-1.227857398,-1.227857398,-1.227857398,-1.227857398,-1.227857398,-1.227857398,-1.227857398,-1.227857398,-1.227857398,-1.227857398,-1.227857398,-1.227857398,-1.227857398,-1.227857398,-1.227857398,-1.227857398,-1.227857398,-1.227857398,-1.227857398,-1.227857398,-1.227857398,-1.227857398,-1.227857398,-1.227857398,-1.227857398,0.207472841,0.207472841,0.207472841,0.207472841,0.207472841,0.207472841,0.207472841,0.207472841,0.207472841,0.207472841,0.207472841,0.207472841,0.207472841,0.207472841,0.207472841,0.207472841,0.207472841,0.207472841,0.207472841,0.207472841,0.207472841,0.207472841,0.207472841,0.207472841,0.207472841,0.207472841,0.207472841,0.207472841,0.207472841,0.207472841,0.207472841,0.207472841,0.207472841,0.207472841,0.207472841,0.207472841,0.207472841,0.207472841,0.207472841,0.207472841,0.207472841,0.207472841,0.207472841,0.207472841,0.207472841,0.207472841,0.207472841,0.207472841,0.207472841,0.207472841,0.207472841,0.207472841,0.207472841,0.207472841,0.207472841
3,-3.072623281,-3.072623281,-3.072623281,-3.072623281,-2.956646294,-2.956646294,-1.008171194,-1.008171194,-1.008171194,-1.008171194,-1.008171194,-1.008171194,-1.008171194,-1.008171194,0.408651767,0.408651767,0.408651767,0.408651767,0.50075935,0.50075935,0.50075935,1.690830266,1.690830266,1.690830266,1.690830266,1.690830266,1.690830266,1.690830266,1.690830266,1.690830266,1.690830266,1.690830266,1.690830266,1.690830266,1.690830266,1.690830266,1.690830266,1.690830266,1.690830266,1.690830266,1.690830266,1.690830266,1.690830266,1.690830266,1.690830266,1.690830266,1.690830266,1.690830266,1.690830266,1.690830266,1.690830266,1.690830266,1.690830266,1.690830266,1.690830266,1.690830266,1.690830266,1.690830266,1.690830266,1.690830266,1.690830266,1.690830266,1.690830266,1.690830266,1.690830266,1.690830266,1.690830266,1.690830266,1.690830266,1.690830266,1.690830266,1.690830266,1.690830266,1.690830266,1.690830266,1.690830266,1.690830266,1.690830266,1.690830266,1.690830266,1.690830266,1.690830266,1.690830266,1.690830266,1.690830266,1.690830266,1.690830266,1.690830266,1.690830266,1.690830266,1.690830266,1.690830266,1.690830266,1.690830266,1.690830266,1.690830266,1.690830266,1.690830266,1.690830266,1.690830266,1.690830266,1.690830266,1.690830266,1.690830266,1.690830266,1.690830266,1.690830266,1.690830266,1.690830266,1.690830266,1.690830266,1.690830266,1.690830266,1.690830266,1.690830266,1.690830266,1.690830266,1.690830266,1.690830266,1.690830266,1.690830266,1.690830266,1.690830266,1.690830266
4,-8.576597945,-6.238405916,-6.238405916,-0.817445238,-0.465960225,-0.465960225,-0.465960225,-0.465960225,-0.263505523,-0.263505523,-0.263505523,-0.263505523,-0.263505523,0.887930632,0.887930632,0.887930632,0.887930632,0.887930632,0.887930632,0.887930632,0.887930632,0.887930632,0.887930632,0.887930632,0.887930632,0.887930632,0.887930632,0.887930632,0.887930632,0.887930632,0.887930632,0.887930632,0.887930632,0.887930632,0.887930632,0.887930632,0.887930632,0.887930632,0.887930632,0.887930632,0.887930632,0.887930632,0.887930632,0.887930632,0.887930632,1.139189142,1.139189142,1.139189142,1.139189142,1.139189142,1.139189142,1.139189142,1.139189142,1.139189142,1.139189142,1.139189142,1.139189142,1.139189142,1.139189142,1.139189142,1.139189142,1.139189142,1.139189142,1.139189142,1.139189142,1.139189142,1.139189142,1.139189142,1.139189142,1.139189142,1.139189142,1.139189142,1.139189142,1.139189142,1.139189142,1.139189142,1.139189142,1.139189142,1.139189142,1.139189142,1.139189142,1.139189142,1.139189142,1.139189142,1.139189142,1.139189142,1.139189142,1.139189142,1.139189142,1.139189142,1.139189142,1.139189142,1.139189142,1.139189142,1.139189142,1.139189142,1.139189142,1.253757565,1.253757565,1.253757565,1.253757565,1.365971297,1.365971297,1.365971297,1.365971297,1.365971297,1.365971297,1.365971297,1.365971297,1.365971297,1.365971297,1.365971297,1.365971297,1.365971297,1.365971297,1.365971297,1.365971297,1.365971297,1.365971297,1.365971297,1.365971297,1.365971297,1.365971297,1.365971297
5,0.864408675,0.864408675,0.864408675,0.864408675,0.864408675,0.864408675,0.864408675,0.864408675,0.864408675,0.864408675,0.864408675,0.864408675,0.864408675,0.864408675,0.864408675,0.864408675,0.864408675,0.864408675,0.864408675,0.864408675,0.864408675,0.864408675,0.864408675,0.864408675,0.864408675,0.864408675,0.864408675,0.864408675,0.864408675,0.864408675,0.864408675,0.864408675,0.864408675,0.864408675,0.864408675,0.864408675,0.864408675,0.864408675,0.864408675,0.864408675,0.864408675,0.864408675,0.864408675,0.864408675,0.864408675,0.864408675,0.864408675,0.864408675,0.864408675,0.864408675,0.864408675,0.864408675,0.864408675,0.864408675,0.864408675,0.864408675,0.864408675,0.864408675,0.864408675,0.864408675,0.864408675,0.864408675,0.864408675,0.864408675,0.864408675,0.871138786,0.871138786,0.871138786,0.871138786,0.871138786,0.871138786,0.871138786,0.871138786,0.871138786,0.871138786,0.871138786,0.871138786,0.871138786,0.871138786,0.871138786,0.871138786,0.871138786,0.871138786,0.871138786,0.871138786,0.871138786,0.871138786,0.871138786,0.871138786,0.871138786,0.871138786,0.871138786,0.871138786,0.871138786,0.871138786,0.871138786,0.871138786,0.871138786,0.871138786,0.871138786,0.871138786,1.494079161,1.494079161,1.494079161,1.494079161,1.494079161,1.494079161,1.494079161,1.494079161,1.494079161,1.494079161,1.494079161,1.494079161,1.494079161,1.494079161,1.494079161,1.494079161,1.494079161,1.494079161,1.494079161,1.494079161,1.494079161,1.494079161,1.494079161
6,-3.619615588,-3.454484263,-3.454484263,-3.454484263,-3.454484263,-0.272477676,-0.272477676,-0.272477676,-0.272477676,-0.272477676,0.290265721,0.290265721,0.290265721,0.290265721,0.290265721,0.290265721,0.290265721,0.290265721,0.290265721,0.290265721,0.290265721,0.290265721,0.290265721,0.290265721,0.290265721,0.290265721,0.290265721,0.290265721,0.290265721,0.290265721,0.290265721,0.290265721,0.290265721,0.290265721,0.290265721,0.290265721,0.290265721,0.290265721,0.290265721,0.290265721,0.290265721,0.290265721,0.290265721,0.290265721,0.290265721,0.290265721,0.290265721,0.290265721,0.290265721,0.290265721,0.290265721,0.290265721,0.290265721,0.290265721,0.290265721,0.290265721,0.290265721,0.290265721,0.290265721,0.290265721,0.290265721,0.290265721,0.290265721,0.290265721,0.290265721,0.290265721,0.290265721,0.290265721,0.290265721,0.290265721,0.290265721,0.290265721,0.290265721,0.290265721,0.290265721,0.290265721,0.290265721,0.290265721,0.290265721,0.290265721,0.290265721,0.290265721,0.290265721,0.290265721,0.290265721,0.290265721,0.290265721,0.290265721,0.290265721,0.290265721,0.290265721,0.290265721,0.290265721,0.290265721,0.290265721,0.290265721,0.290265721,0.290265721,0.290265721,0.290265721,0.290265721,0.290265721,0.290265721,0.290265721,0.290265721,0.290265721,0.290265721,0.290265721,0.290265721,0.290265721,0.290265721,0.290265721,0.290265721,0.290265721,0.290265721,0.290265721,0.290265721,0.290265721,0.290265721,0.290265721,0.290265721,0.290265721,0.290265721,0.290265721
7,-2.557864574,0.917283264,0.917283264,1.276338678,1.276338678,1.276338678,1.340730169,1.340730169,1.340730169,1.340730169,1.340730169,1.340730169,1.340730169,1.340730169,1.340730169,1.51573131,1.51573131,1.51573131,1.51573131,1.691993213,1.691993213,1.691993213,1.691993213,1.691993213,1.691993213,1.691993213,1.691993213,1.691993213,1.691993213,1.691993213,1.691993213,1.691993213,1.691993213,1.699566676,1.699566676,1.699566676,1.699566676,1.699566676,1.699566676,1.699566676,1.699566676,1.699566676,1.699566676,1.699566676,1.699566676,1.699566676,1.699566676,1.699566676,1.699566676,1.699566676,1.699566676,1.699566676,1.699566676,1.699566676,1.699566676,1.699566676,1.699566676,1.699566676,1.699566676,1.699566676,1.699566676,1.699566676,1.699566676,1.699566676,1.699566676,1.699566676,1.699566676,1.699566676,1.699566676,1.699566676,1.699566676,1.699566676,1.699566676,1.699566676,1.699566676,1.699566676,1.699566676,1.699566676,1.699566676,1.699566676,1.699566676,1.699566676,1.699566676,1.699566676,1.699566676,1.699566676,1.699566676,1.699566676,1.699566676,1.699566676,1.699566676,1.699566676,1.699566676,1.699566676,1.699566676,1.699566676,1.699566676,1.699566676,1.699566676,1.699566676,1.699566676,1.699566676,1.699566676,1.699566676,1.699566676,1.699566676,1.699566676,1.699566676,1.699566676,1.699566676,1.699566676,1.699566676,1.699566676,1.699566676,1.699566676,1.699566676,1.699566676,1.699566676,1.699566676,1.699566676,1.699566676,1.699566676,1.699566676,1.699566676
8,-3.636339563,-0.287835011,-0.287835011,-0.287835011,-0.287835011,-0.287835011,-0.287835011,-0.287835011,-0.287835011,-0.287835011,1.471323081,1.471323081,1.471323081,1.471323081,1.471323081,1.471323081,1.471323081,1.471323081,1.471323081,1.471323081,1.471323081,1.471323081,1.471323081,1.471323081,1.471323081,1.471323081,1.471323081,1.471323081,1.471323081,1.471323081,1.471323081,1.471323081,1.471323081,1.471323081,1.471323081,1.471323081,1.471323081,1.471323081,1.471323081,1.471323081,1.471323081,1.471323081,1.471323081,1.471323081,1.471323081,1.471323081,1.471323081,1.471323081,1.471323081,1.471323081,1.471323081,1.471323081,1.471323081,1.471323081,1.471323081,1.471323081,1.471323081,1.471323081,1.471323081,1.471323081,1.471323081,1.471323081,1.471323081,1.471323081,1.471323081,1.471323081,1.471323081,1.471323081,1.471323081,1.471323081,1.471323081,1.471323081,1.471323081,1.471323081,1.471323081,1.471323081,1.471323081,1.471323081,1.471323081,1.471323081,1.471323081,1.471323081,1.471323081,1.471323081,1.471323081,1.471323081,1.471323081,1.471323081,1.471323081,1.471323081,1.471323081,1.471323081,1.471323081,1.471323081,1.471323081,1.471323081,1.471323081,1.578662752,1.578662752,1.578662752,1.578662752,1.578662752,1.578662752,1.578662752,1.578662752,1.578662752,1.578662752,1.578662752,1.578662752,1.578662752,1.578662752,1.578662752,1.578662752,1.578662752,1.578662752,1.578662752,1.578662752,1.578662752,1.578662752,1.578662752,1.578662752,1.578662752,1.578662752,1.590995263
9,-9.985213325,-9.985213325,-7.802731997,-7.802731997,-2.746287096,-2.746287096,-2.746287096,-1.721310217,-1.721310217,-1.721310217,-1.721310217,-1.721310217,-0.946148466,-0.946148466,-0.946148466,-0.946148466,-0.946148466,-0.946148466,-0.946148466,-0.946148466,-0.946148466,-0.946148466,-0.946148466,-0.946148466,-0.946148466,-0.946148466,-0.946148466,-0.946148466,-0.946148466,-0.946148466,-0.946148466,-0.946148466,-0.946148466,-0.946148466,-0.946148466,-0.946148466,-0.946148466,-0.946148466,-0.946148466,-0.946148466,-0.946148466,-0.946148466,-0.946148466,-0.946148466,-0.946148466,-0.946148466,-0.946148466,-0.946148466,-0.946148466,-0.946148466,-0.946148466,-0.946148466,-0.946148466,-0.946148466,-0.946148466,-0.946148466,-0.946148466,-0.946148466,-0.764067214,-0.764067214,-0.764067214,-0.764067214,-0.764067214,-0.764067214,-0.764067214,-0.764067214,-0.764067214,-0.764067214,-0.764067214,-0.764067214,-0.764067214,-0.764067214,-0.764067214,-0.764067214,-0.764067214,-0.764067214,-0.764067214,-0.764067214,0.597271087,0.597271087,0.597271087,0.597271087,0.597271087,0.597271087,0.597271087,0.597271087,0.597271087,0.597271087,0.597271087,0.597271087,0.597271087,0.597271087,0.597271087,0.597271087,0.597271087,0.597271087,0.597271087,0.597271087,0.597271087,0.597271087,0.597271087,0.597271087,0.597271087,0.597271087,0.597271087,0.597271087,0.597271087,0.597271087,0.597271087,0.597271087,0.597271087,0.597271087,0.597271087,0.597271087,0.597271087,0.597271087,0.597271087,0.597271087,0.597271087,0.597271087,0.597271087,0.597271087,0.597271087,0.597271087
10,-16.77848188,-7.50650849,-1.803206979,-1.803206979,-1.803206979,-1.803206979,-1.803206979,-1.803206979,-1.803206979,-1.803206979,-1.803206979,-1.803206979,-1.803206979,-1.803206979,-1.803206979,-1.803206979,-1.803206979,-1.803206979,-1.803206979,-1.803206979,-1.451836802,-1.451836802,-1.451836802,-1.451836802,-1.451836802,-1.451836802,-1.451836802,-1.451836802,-1.451836802,-1.451836802,-1.451836802,-1.451836802,-1.451836802,-1.419123068,-0.907247925,-0.907247925,-0.907247925,-0.907247925,-0.907247925,-0.907247925,-0.907247925,-0.907247925,-0.907247925,-0.907247925,-0.907247925,-0.907247925,-0.907247925,-0.907247925,-0.907247925,-0.907247925,-0.907247925,-0.907247925,-0.907247925,-0.907247925,-0.713946862,-0.713946862,-0.713946862,-0.713946862,-0.713946862,-0.708394571,-0.708394571,-0.708394571,-0.708394571,-0.708394571,-0.708394571,-0.708394571,-0.708394571,-0.708394571,-0.708394571,-0.345917821,0.944295997,0.944295997,0.944295997,0.944295997,0.944295997,0.944295997,0.944295997,0.944295997,1.007601849,1.007601849,1.007601849,1.007601849,1.007601849,1.007601849,1.007601849,1.007601849,1.007601849,1.007601849,1.007601849,1.007601849,1.007601849,1.007601849,1.007601849,1.007601849,1.007601849,1.007601849,1.007601849,1.007601849,1.007601849,1.007601849,1.007601849,1.007601849,1.007601849,1.007601849,1.007601849,1.007601849,1.007601849,1.007601849,1.007601849,1.007601849,1.007601849,1.007601849,1.007601849,1.007601849,1.007601849,1.007601849,1.007601849,1.007601849,1.007601849,1.007601849,1.007601849,1.007601849,1.007601849,1.132286721
11,-0.95459377,0.423588832,0.423588832,0.423588832,0.423588832,0.423588832,0.423588832,0.423588832,0.423588832,0.423588832,0.423588832,0.423588832,0.423588832,0.423588832,1.64739393,1.64739393,1.64739393,1.64739393,1.64739393,1.64739393,1.64739393,1.64739393,1.64739393,1.770133907,1.770133907,1.770133907,1.770133907,1.770133907,1.770133907,1.770133907,1.770133907,1.770133907,1.770133907,1.770133907,1.770133907,1.770133907,1.770133907,1.770133907,1.770133907,1.770133907,1.770133907,1.770133907,1.770133907,1.770133907,1.770133907,1.770133907,1.770133907,1.770133907,1.770133907,1.770133907,1.770133907,1.770133907,1.770133907,1.770133907,1.770133907,1.770133907,1.770133907,1.770133907,1.770133907,1.770133907,1.770133907,1.770133907,1.770133907,1.770133907,1.770133907,1.770133907,1.770133907,1.770133907,1.770133907,1.770133907,1.770133907,1.770133907,1.770133907,1.770133907,1.770133907,1.770133907,1.770133907,1.770133907,1.770133907,1.770133907,1.770133907,1.770133907,1.770133907,1.770133907,1.770133907,1.770133907,1.770133907,1.770133907,1.770133907,1.770133907,1.770133907,1.770133907,1.770133907,1.770133907,1.770133907,1.770133907,1.770133907,1.770133907,1.770133907,1.770133907,1.770133907,1.770133907,1.770133907,1.770133907,1.770133907,1.770133907,1.770133907,1.770133907,1.770133907,1.770133907,1.770133907,1.770133907,1.770133907,1.770133907,1.770133907,1.770133907,1.770133907,1.770133907,1.770133907,1.770133907,1.770133907,1.770133907,1.770133907,1.770133907
12,-19.28041663,-2.273188245,-2.273188245,-2.273188245,-2.273188245,-2.273188245,-2.273188245,-2.273188245,-2.273188245,-2.273188245,-0.975953815,-0.975953815,-0.975953815,-0.975953815,-0.975953815,-0.975953815,-0.975953815,-0.975953815,-0.975953815,-0.975953815,-0.975953815,-0.975953815,-0.975953815,-0.975953815,-0.975953815,-0.975953815,-0.975953815,-0.975953815,-0.975953815,-0.975953815,-0.975953815,-0.975953815,-0.975953815,-0.975953815,-0.975953815,-0.975953815,-0.975953815,-0.975953815,-0.975953815,-0.975953815,-0.975953815,-0.975953815,-0.975953815,-0.975953815,-0.975953815,-0.975953815,-0.975953815,-0.975953815,-0.975953815,-0.975953815,-0.975953815,-0.975953815,-0.975953815,-0.975953815,-0.975953815,-0.975953815,-0.975953815,-0.975953815,-0.975953815,-0.937430114,-0.937430114,-0.937430114,-0.937430114,-0.937430114,-0.937430114,-0.937430114,-0.937430114,-0.937430114,-0.937430114,-0.937430114,-0.937430114,-0.937430114,-0.937430114,-0.937430114,-0.937430114,-0.937430114,-0.937430114,-0.937430114,-0.937430114,-0.937430114,-0.937430114,-0.937430114,-0.937430114,-0.937430114,-0.937430114,-0.937430114,-0.937430114,-0.937430114,-0.937430114,-0.937430114,-0.937430114,-0.937430114,-0.937430114,-0.937430114,-0.937430114,-0.937430114,-0.937430114,-0.937430114,-0.937430114,-0.937430114,-0.937430114,-0.937430114,-0.937430114,-0.937430114,-0.937430114,-0.937430114,-0.937430114,-0.937430114,-0.937430114,-0.937430114,-0.937430114,-0.937430114,-0.937430114,-0.937430114,-0.937430114,-0.937430114,-0.937430114,-0.937430114,-0.937430114,-0.937430114,-0.937430114,-0.937430114,-0.937430114,-0.815716832
13,-1.084855625,-1.084855625,-0.556692973,-0.556692973,-0.556692973,-0.556692973,-0.556692973,-0.556692973,-0.556692973,-0.556692973,-0.556692973,-0.556692973,-0.556692973,-0.556692973,-0.556692973,-0.556692973,-0.556692973,-0.556692973,-0.556692973,-0.556692973,-0.556692973,-0.556692973,-0.290720351,-0.290720351,0.085689683,0.085689683,0.085689683,0.085689683,0.085689683,0.085689683,0.085689683,0.085689683,0.085689683,0.085689683,0.085689683,0.085689683,0.085689683,0.363306054,0.363306054,0.363306054,0.363306054,0.363306054,0.363306054,0.363306054,0.363306054,0.363306054,0.363306054,0.363306054,0.363306054,0.363306054,0.363306054,0.363306054,0.363306054,0.363306054,0.363306054,0.363306054,0.363306054,0.363306054,0.363306054,0.363306054,0.363306054,0.363306054,0.363306054,0.900990021,0.900990021,0.900990021,0.900990021,0.900990021,0.900990021,0.900990021,0.900990021,0.900990021,0.900990021,0.900990021,0.900990021,0.900990021,0.900990021,0.900990021,0.900990021,0.900990021,0.900990021,0.900990021,0.900990021,0.900990021,0.900990021,0.900990021,0.900990021,1.462171717,1.462171717,1.462171717,1.462171717,1.462171717,1.462171717,1.462171717,1.462171717,1.462171717,1.462171717,1.462171717,1.462171717,1.462171717,1.462171717,1.462171717,1.462171717,1.462171717,1.462171717,1.462171717,1.462171717,1.462171717,1.462171717,1.462171717,1.462171717,1.462171717,1.462171717,1.462171717,1.462171717,1.462171717,1.462171717,1.462171717,1.462171717,1.462171717,1.462171717,1.462171717,1.462171717,1.462171717
14,-11.16622025,-9.65829475,-3.322262953,-3.322262953,-2.350507201,-2.350507201,-2.350507201,-2.350507201,-2.350507201,-2.350507201,-2.350507201,-0.850375508,-0.850375508,-0.850375508,-0.850375508,-0.850375508,-0.850375508,-0.850375508,-0.850375508,-0.850375508,-0.850375508,-0.850375508,-0.850375508,-0.850375508,-0.850375508,-0.850375508,-0.850375508,-0.611184195,-0.611184195,-0.611184195,-0.611184195,-0.611184195,-0.611184195,-0.611184195,-0.611184195,-0.611184195,-0.611184195,-0.611184195,-0.611184195,-0.611184195,-0.611184195,-0.611184195,-0.611184195,-0.611184195,-0.611184195,-0.244922799,-0.244922799,-0.244922799,0.593102546,0.593102546,0.593102546,0.593102546,0.593102546,0.593102546,0.593102546,0.593102546,0.593102546,0.593102546,0.593102546,0.593102546,0.593102546,0.593102546,0.593102546,0.593102546,0.593102546,0.593102546,0.593102546,0.593102546,0.593102546,0.593102546,0.593102546,0.593102546,0.593102546,0.593102546,0.593102546,0.593102546,0.593102546,0.593102546,0.593102546,0.593102546,0.593102546,0.593102546,0.593102546,0.593102546,0.593102546,0.593102546,0.593102546,0.593102546,0.593102546,0.593102546,0.593102546,0.593102546,0.593102546,0.593102546,0.593102546,0.593102546,0.593102546,0.593102546,0.658270599,0.658270599,0.658270599,0.658270599,0.658270599,0.658270599,0.658270599,0.658270599,0.658270599,0.970958336,0.970958336,0.970958336,0.970958336,0.970958336,0.970958336,0.970958336,0.970958336,0.970958336,0.970958336,0.970958336,0.970958336,0.970958336,0.970958336,0.970958336,0.970958336,1.033583404
15,-1.020457666,-1.020457666,-0.088707696,-0.088707696,0.203567629,0.203567629,0.203567629,0.203567629,0.203567629,0.203567629,0.203567629,0.591486304,0.591486304,0.591486304,1.298627685,1.298627685,1.298627685,1.298627685,1.298627685,1.298627685,1.298627685,1.298627685,1.298627685,1.298627685,1.298627685,1.298627685,1.298627685,1.298627685,1.298627685,1.298627685,1.298627685,1.298627685,1.298627685,1.298627685,1.298627685,1.298627685,1.298627685,1.298627685,1.298627685,1.298627685,1.298627685,1.298627685,1.298627685,1.298627685,1.298627685,1.298627685,1.298627685,1.298627685,1.298627685,1.298627685,1.298627685,1.298627685,1.298627685,1.298627685,1.610189996,1.610189996,1.610189996,1.610189996,1.610189996,1.610189996,1.610189996,1.610189996,1.610189996,1.610189996,1.610189996,1.610189996,1.610189996,1.610189996,1.610189996,1.610189996,1.610189996,1.610189996,1.610189996,1.610189996,1.610189996,1.610189996,1.610189996,1.610189996,1.610189996,1.610189996,1.610189996,1.610189996,1.610189996,1.610189996,1.610189996,1.610189996,1.610189996,1.610189996,1.610189996,1.610189996,1.610189996,1.610189996,1.610189996,1.610189996,1.610189996,1.610189996,1.610189996,1.610189996,1.610189996,1.610189996,1.610189996,1.610189996,1.610189996,1.610189996,1.610189996,1.610189996,1.610189996,1.610189996,1.610189996,1.610189996,1.610189996,1.610189996,1.610189996,1.610189996,1.610189996,1.610189996,1.610189996,1.610189996,1.610189996,1.610189996,1.610189996,1.610189996,1.610189996,1.610189996
16,-0.856217622,-0.796753641,-0.796753641,-0.796753641,-0.796753641,-0.796753641,-0.796753641,-0.796753641,-0.796753641,-0.796753641,-0.796753641,-0.796753641,-0.796753641,-0.796753641,-0.796753641,-0.796753641,-0.796753641,-0.796753641,-0.796753641,-0.796753641,-0.796753641,-0.796753641,-0.796753641,-0.215658012,-0.215658012,-0.215658012,-0.215658012,-0.215658012,-0.215658012,-0.215658012,-0.215658012,-0.215658012,-0.215658012,-0.215658012,-0.215658012,-0.215658012,-0.215658012,-0.215658012,-0.215658012,-0.215658012,-0.215658012,-0.215658012,-0.215658012,-0.215658012,-0.215658012,-0.215658012,-0.215658012,-0.215658012,-0.215658012,-0.215658012,-0.215658012,-0.215658012,-0.215658012,-0.215658012,-0.215658012,-0.215658012,-0.215658012,-0.215658012,-0.215658012,-0.215658012,-0.215658012,-0.215658012,-0.215658012,-0.215658012,-0.059027787,-0.059027787,-0.059027787,-0.059027787,-0.059027787,-0.059027787,-0.059027787,-0.059027787,-0.059027787,-0.059027787,-0.059027787,-0.059027787,-0.059027787,-0.059027787,0.423267171,0.423267171,0.423267171,0.423267171,0.423267171,0.423267171,0.423267171,0.423267171,0.423267171,0.423267171,0.423267171,0.423267171,0.423267171,0.423267171,0.423267171,0.423267171,0.423267171,0.423267171,0.423267171,0.423267171,0.423267171,0.423267171,0.423267171,0.423267171,0.423267171,0.423267171,0.423267171,0.423267171,0.423267171,0.423267171,0.423267171,0.423267171,0.423267171,0.423267171,0.423267171,0.423267171,0.423267171,0.423267171,0.423267171,0.423267171,0.423267171,0.423267171,0.423267171,0.423267171,0.423267171,0.720496948
17,0.111224182,0.111224182,0.111224182,0.111224182,0.111224182,0.111224182,0.111224182,0.111224182,0.111224182,0.111224182,0.111224182,0.111224182,0.111224182,0.111224182,0.111224182,0.111224182,0.111224182,0.111224182,0.111224182,0.111224182,0.111224182,0.111224182,0.111224182,0.111224182,0.111224182,0.111224182,0.111224182,0.111224182,0.111224182,0.756814605,0.756814605,0.756814605,0.756814605,0.756814605,0.756814605,0.756814605,0.756814605,0.756814605,0.756814605,0.756814605,0.756814605,0.756814605,0.756814605,0.756814605,0.756814605,0.756814605,0.756814605,0.756814605,0.756814605,0.756814605,0.756814605,0.756814605,0.756814605,0.756814605,0.756814605,0.756814605,0.756814605,0.756814605,0.756814605,0.756814605,0.756814605,0.756814605,0.756814605,0.756814605,0.756814605,0.756814605,0.756814605,0.756814605,0.756814605,0.756814605,0.756814605,0.756814605,0.756814605,1.156257376,1.156257376,1.156257376,1.156257376,1.156257376,1.156257376,1.156257376,1.156257376,1.156257376,1.156257376,1.156257376,1.156257376,1.156257376,1.156257376,1.156257376,1.156257376,1.156257376,1.156257376,1.156257376,1.156257376,1.156257376,1.156257376,1.156257376,1.156257376,1.156257376,1.156257376,1.156257376,1.156257376,1.156257376,1.156257376,1.156257376,1.156257376,1.156257376,1.156257376,1.156257376,1.156257376,1.156257376,1.156257376,1.156257376,1.156257376,1.156257376,1.156257376,1.156257376,1.156257376,1.156257376,1.156257376,1.156257376,1.156257376,1.156257376,1.156257376,1.156257376
18,-5.876902347,-1.508683634,-1.508683634,-1.019193327,-1.019193327,-1.019193327,-1.019193327,-0.515107392,-0.515107392,-0.515107392,-0.515107392,-0.101012726,-0.101012726,-0.101012726,-0.101012726,-0.101012726,-0.101012726,-0.101012726,-0.101012726,-0.101012726,-0.101012726,0.503601122,0.503601122,0.503601122,0.503601122,0.503601122,0.503601122,0.503601122,1.484720293,1.484720293,1.484720293,1.484720293,1.484720293,1.484720293,1.484720293,1.484720293,1.484720293,1.484720293,1.484720293,1.484720293,1.484720293,1.484720293,1.484720293,1.484720293,1.484720293,1.484720293,1.484720293,1.484720293,1.484720293,1.484720293,1.484720293,1.484720293,1.484720293,1.484720293,1.484720293,1.484720293,1.484720293,1.484720293,1.484720293,1.484720293,1.484720293,1.484720293,1.484720293,1.484720293,1.484720293,1.484720293,1.484720293,1.484720293,1.484720293,1.484720293,1.484720293,1.484720293,1.484720293,1.484720293,1.484720293,1.484720293,1.484720293,1.484720293,1.484720293,1.484720293,1.484720293,1.484720293,1.484720293,1.484720293,1.484720293,1.484720293,1.484720293,1.484720293,1.484720293,1.484720293,1.484720293,1.484720293,1.484720293,1.484720293,1.484720293,1.484720293,1.484720293,1.484720293,1.484720293,1.484720293,1.484720293,1.484720293,1.484720293,1.484720293,1.484720293,1.484720293,1.484720293,1.484720293,1.484720293,1.484720293,1.484720293,1.484720293,1.484720293,1.484720293,1.484720293,1.484720293,1.484720293,1.484720293,1.484720293,1.484720293,1.484720293,1.484720293,1.484720293,1.484720293
19,-11.34915383,0.238212837,0.238212837,0.238212837,0.238212837,0.238212837,0.238212837,0.238212837,0.238212837,0.238212837,0.238212837,0.238212837,0.238212837,0.238212837,0.758701118,0.758701118,0.758701118,0.758701118,0.758701118,0.926620471,0.926620471,0.926620471,0.926620471,0.926620471,0.926620471,0.926620471,0.926620471,0.926620471,0.926620471,0.926620471,0.926620471,0.926620471,0.926620471,0.926620471,0.926620471,0.926620471,0.926620471,0.926620471,0.926620471,0.926620471,0.926620471,0.926620471,0.926620471,0.926620471,0.926620471,0.926620471,0.926620471,0.926620471,0.926620471,0.926620471,0.926620471,0.926620471,0.926620471,0.926620471,0.926620471,0.926620471,0.926620471,0.926620471,0.926620471,0.926620471,0.926620471,0.926620471,0.926620471,0.926620471,0.926620471,0.926620471,0.926620471,0.926620471,1.174586606,1.174586606,1.174586606,1.174586606,1.174586606,1.174586606,1.174586606,1.174586606,1.174586606,1.174586606,1.174586606,1.174586606,1.174586606,1.174586606,1.174586606,1.174586606,1.174586606,1.174586606,1.493977821,1.493977821,1.493977821,1.493977821,1.493977821,1.493977821,1.493977821,1.493977821,1.493977821,1.493977821,1.493977821,1.493977821,1.493977821,1.493977821,1.493977821,1.493977821,1.493977821,1.493977821,1.493977821,1.493977821,1.493977821,1.493977821,1.493977821,1.493977821,1.493977821,1.493977821,1.493977821,1.493977821,1.493977821,1.493977821,1.493977821,1.493977821,1.493977821,1.493977821,1.493977821,1.493977821,1.493977821,1.493977821
20,-2.848881621,-2.848881621,-2.848881621,-2.848881621,-2.848881621,-2.104826603,-2.104826603,-2.104826603,0.835817528,0.835817528,0.835817528,0.835817528,0.835817528,0.835817528,0.835817528,0.835817528,0.835817528,0.835817528,0.835817528,0.835817528,0.835817528,0.835817528,0.835817528,0.835817528,0.835817528,0.835817528,0.835817528,0.835817528,0.835817528,0.835817528,0.835817528,0.835817528,0.835817528,0.835817528,0.835817528,0.835817528,0.835817528,0.835817528,0.835817528,0.835817528,0.835817528,0.835817528,0.835817528,0.835817528,0.835817528,0.835817528,0.835817528,0.835817528,0.835817528,0.835817528,0.835817528,0.835817528,0.835817528,0.835817528,0.835817528,0.835817528,0.835817528,0.835817528,0.835817528,0.835817528,0.835817528,0.835817528,0.835817528,0.835817528,0.835817528,0.835817528,0.835817528,0.835817528,0.835817528,0.835817528,0.835817528,0.835817528,0.835817528,0.835817528,0.835817528,0.835817528,0.835817528,0.835817528,0.835817528,0.835817528,0.835817528,0.835817528,0.835817528,0.835817528,0.835817528,0.835817528,0.835817528,0.835817528,0.835817528,0.835817528,0.835817528,0.835817528,0.835817528,0.835817528,0.835817528,0.835817528,0.835817528,0.835817528,0.835817528,0.835817528,0.835817528,0.835817528,0.835817528,0.835817528,0.835817528,0.835817528,0.835817528,0.835817528,0.835817528,0.835817528,0.835817528,0.835817528,0.835817528,0.835817528,0.835817528,0.835817528,0.835817528,0.835817528,0.835817528,0.835817528,0.835817528,0.835817528,0.835817528,0.835817528
